epoch,step,train_loss
0,1,198.33941650390625
0,3,41.3927001953125
0,5,24.37488555908203
0,7,175.785400390625
0,9,603.0992431640625
0,11,46.980220794677734
0,13,284.5614013671875
0,15,35.31631851196289
1,17,21.50027084350586
1,19,37.39964294433594
1,21,33.14369201660156
1,23,165.06350708007812
1,25,558.5465087890625
1,27,45.78362274169922
1,29,262.5802001953125
1,31,32.976837158203125
2,33,19.620359420776367
2,35,36.20106506347656
2,37,30.511077880859375
2,39,149.25045776367188
2,41,517.2703247070312
2,43,44.716773986816406
2,45,242.3318634033203
2,47,30.813796997070312
3,49,17.91577911376953
3,51,35.08125305175781
3,53,28.095149993896484
3,55,134.84799194335938
3,57,479.22589111328125
3,59,43.71315002441406
3,61,223.69503784179688
3,63,28.81038475036621
4,65,16.372135162353516
4,67,34.034385681152344
4,69,25.877914428710938
4,71,121.73545837402344
4,73,444.1545104980469
4,75,42.76861572265625
4,77,206.53964233398438
4,79,26.954240798950195
5,81,14.975337982177734
5,83,33.05528259277344
5,85,23.84307098388672
5,87,109.80242919921875
5,89,411.8182678222656
5,91,41.8792724609375
5,93,190.7459716796875
5,95,25.233997344970703
6,97,13.712461471557617
6,99,32.13912582397461
6,101,21.975597381591797
6,103,98.94766235351562
6,105,381.9986267089844
6,107,41.04156494140625
6,109,176.2042694091797
6,111,23.639196395874023
7,113,12.571732521057129
7,115,31.28148651123047
7,117,20.261749267578125
7,119,89.07856750488281
7,121,354.494873046875
7,123,40.252098083496094
7,125,162.8135986328125
7,127,22.16018295288086
8,129,11.542339324951172
8,131,30.478256225585938
8,133,18.688932418823242
8,135,80.11026000976562
8,137,329.12225341796875
8,139,39.507816314697266
8,141,150.48121643066406
8,143,20.78810691833496
9,145,10.614381790161133
9,147,29.72563934326172
9,149,17.245492935180664
9,151,71.96490478515625
9,153,305.7111511230469
9,155,38.80580139160156
9,157,139.1220245361328
9,159,19.5147647857666
10,161,9.778851509094238
10,163,29.020130157470703
10,165,15.920839309692383
10,167,64.5713882446289
10,169,284.105712890625
10,171,38.14339828491211
10,173,128.65768432617188
10,175,18.33267593383789
11,177,9.027447700500488
11,179,28.35846519470215
11,181,14.705194473266602
11,183,57.864402770996094
11,185,264.16241455078125
11,187,37.51808547973633
11,189,119.016357421875
11,191,17.2348575592041
12,193,8.352624893188477
12,195,27.737648010253906
12,197,13.589591979980469
12,199,51.78429412841797
12,201,245.7495574951172
12,203,36.927555084228516
12,205,110.13189697265625
12,207,16.214969635009766
13,209,7.747474193572998
13,211,27.154888153076172
13,213,12.56582260131836
13,215,46.276371002197266
13,217,228.74591064453125
13,219,36.36967468261719
13,221,101.94365692138672
13,223,15.267080307006836
14,225,7.205665588378906
14,227,26.607580184936523
14,229,11.626323699951172
14,231,41.290592193603516
14,233,213.0399932861328
14,235,35.842369079589844
14,237,94.39585876464844
14,239,14.3858060836792
15,241,6.721436500549316
15,243,26.093364715576172
15,245,10.764156341552734
15,247,36.78113555908203
15,249,198.52951049804688
15,251,35.34379577636719
15,253,87.43728637695312
15,255,13.566146850585938
16,257,6.289501667022705
16,259,25.610000610351562
16,261,9.972982406616211
16,263,32.70610809326172
16,265,185.12020874023438
16,267,34.872215270996094
16,269,81.02084350585938
16,271,12.803474426269531
17,273,5.905036449432373
17,275,25.155445098876953
17,277,9.24696159362793
17,279,29.02713394165039
17,281,172.72540283203125
17,283,34.42599105834961
17,285,75.10316467285156
17,287,12.093539237976074
18,289,5.563651084899902
18,291,24.727764129638672
18,293,8.580718040466309
18,295,25.709095001220703
18,297,161.26541137695312
18,299,34.00359344482422
18,301,69.64452362060547
18,303,11.432443618774414
19,305,5.261323928833008
19,307,24.325218200683594
19,309,7.969351768493652
19,311,22.719924926757812
19,313,150.6670379638672
19,315,33.603599548339844
19,317,64.60833740234375
19,319,10.816566467285156
20,321,4.994378566741943
20,323,23.946155548095703
20,325,7.408343315124512
20,327,20.03020668029785
20,329,140.86279296875
20,331,33.224708557128906
20,333,59.96101379394531
20,335,10.242579460144043
21,337,4.759468078613281
21,339,23.58902931213379
21,341,6.893561363220215
21,343,17.613113403320312
21,345,131.79071044921875
21,347,32.865665435791016
21,349,55.67162322998047
21,351,9.707399368286133
22,353,4.5535430908203125
22,355,23.25244903564453
22,357,6.4211931228637695
22,359,15.444087028503418
22,361,123.3936767578125
22,363,32.52531051635742
22,365,51.711830139160156
22,367,9.20819091796875
23,369,4.373810768127441
23,371,22.93509292602539
23,373,5.987750053405762
23,375,13.500672340393066
23,377,115.61917114257812
23,379,32.20254135131836
23,381,48.05543518066406
23,383,8.742338180541992
24,385,4.2177300453186035
24,387,22.635711669921875
24,389,5.590034484863281
24,391,11.762340545654297
24,393,108.41891479492188
24,395,31.89639663696289
24,397,44.67851257324219
24,399,8.307415962219238
25,401,4.082993507385254
25,403,22.353191375732422
25,405,5.225105285644531
25,407,10.21036434173584
25,409,101.74848175048828
25,411,31.60589599609375
25,413,41.55891799926758
25,415,7.9011945724487305
26,417,3.967491388320923
26,419,22.086456298828125
26,421,4.890262603759766
26,423,8.827574729919434
26,425,95.56688690185547
26,427,31.330142974853516
26,429,38.67640686035156
26,431,7.521613121032715
27,433,3.8692874908447266
27,435,21.834535598754883
27,437,4.583030700683594
27,439,7.5983567237854
27,441,89.83648681640625
27,443,31.06832504272461
27,445,36.01231384277344
27,447,7.166764736175537
28,449,3.7866463661193848
28,451,21.596508026123047
28,453,4.301136016845703
28,455,6.508429527282715
28,457,84.52256774902344
28,459,30.81969451904297
28,461,33.549400329589844
28,463,6.834886074066162
29,465,3.717960834503174
29,467,21.37150764465332
29,469,4.042500019073486
29,471,5.544710159301758
29,473,79.5931625366211
29,475,30.583450317382812
29,477,31.271936416625977
29,479,6.524348735809326
30,481,3.661818027496338
30,483,21.158737182617188
30,485,3.805201530456543
30,487,4.695321083068848
30,489,75.01896667480469
30,491,30.35895538330078
30,493,29.165395736694336
30,495,6.2336554527282715
31,497,3.616854190826416
31,499,20.957473754882812
31,501,3.5874924659729004
31,503,3.9493894577026367
31,505,70.77279663085938
31,507,30.145540237426758
31,509,27.216426849365234
31,511,5.961404800415039
32,513,3.5819053649902344
32,515,20.766996383666992
32,517,3.387751817703247
32,519,3.2970149517059326
32,521,66.82980346679688
32,523,29.942626953125
32,525,25.412708282470703
32,527,5.706319808959961
33,529,3.5558724403381348
33,531,20.586673736572266
33,533,3.2044997215270996
33,535,2.72914719581604
33,537,63.16693878173828
33,539,29.749631881713867
33,541,23.742950439453125
33,543,5.467197418212891
34,545,3.537782907485962
34,547,20.41590690612793
34,549,3.0363826751708984
34,551,2.2375614643096924
34,553,59.76301193237305
34,555,29.56604766845703
34,557,22.196739196777344
34,559,5.242943286895752
35,561,3.526719093322754
35,563,20.25412368774414
35,565,2.882153034210205
35,567,1.8147410154342651
35,569,56.598567962646484
35,571,29.39134979248047
35,573,20.76449966430664
35,575,5.032537937164307
36,577,3.5218899250030518
36,579,20.100799560546875
36,581,2.740661144256592
36,583,1.4538419246673584
36,585,53.65559768676758
36,587,29.225067138671875
36,589,19.437429428100586
36,591,4.835030555725098
37,593,3.522543430328369
37,595,19.9554443359375
37,597,2.6108710765838623
37,599,1.1486557722091675
37,601,50.917518615722656
37,603,29.066761016845703
37,605,18.2073974609375
37,607,4.649543762207031
38,609,3.528040647506714
38,611,19.81759262084961
38,613,2.491809368133545
38,615,0.8935052156448364
38,617,48.36906051635742
38,619,28.915996551513672
38,621,17.06696128845215
38,623,4.475275039672852
39,625,3.537750005722046
39,627,19.68682289123535
39,629,2.382594585418701
39,631,0.6832323670387268
39,633,45.99610137939453
39,635,28.772438049316406
39,637,16.009197235107422
39,639,4.31146240234375
40,641,3.551149845123291
40,643,19.562713623046875
40,645,2.2824089527130127
40,647,0.5131483674049377
40,649,43.78571701049805
40,651,28.635665893554688
40,653,15.027835845947266
40,655,4.15741491317749
41,657,3.5677430629730225
41,659,19.444913864135742
41,661,2.1905179023742676
41,663,0.37899842858314514
41,665,41.725852966308594
41,667,28.505340576171875
41,669,14.116989135742188
41,671,4.012486934661865
42,673,3.587088108062744
42,675,19.333049774169922
42,677,2.106233596801758
42,679,0.2769034802913666
42,681,39.80542755126953
42,683,28.381141662597656
42,685,13.27133560180664
42,687,3.876066207885742
43,689,3.6087918281555176
43,691,19.2268009185791
43,693,2.0289268493652344
43,695,0.20334972441196442
43,697,38.01430130004883
43,699,28.26274871826172
43,701,12.485888481140137
43,703,3.7476186752319336
44,705,3.632473945617676
44,707,19.125850677490234
44,709,1.95802903175354
44,711,0.15514913201332092
44,713,36.34300994873047
44,715,28.149869918823242
44,717,11.756098747253418
44,719,3.6266016960144043
45,721,3.6578330993652344
45,723,19.0299015045166
45,725,1.8929998874664307
45,727,0.1294081062078476
45,729,34.7828369140625
45,731,28.042217254638672
45,733,11.077765464782715
45,735,3.512549877166748
46,737,3.684589147567749
46,739,18.938701629638672
46,741,1.8333675861358643
46,743,0.12350744009017944
46,745,33.3258171081543
46,747,27.939573287963867
46,749,10.447036743164062
46,751,3.40500545501709
47,753,3.7124433517456055
47,755,18.85196304321289
47,757,1.7786808013916016
47,759,0.13507398962974548
47,761,31.964435577392578
47,763,27.841650009155273
47,765,9.860308647155762
47,767,3.3035659790039062
48,769,3.741211414337158
48,771,18.76947021484375
48,773,1.728525161743164
48,775,0.16196158528327942
48,777,30.69188117980957
48,779,27.748241424560547
48,781,9.314297676086426
48,783,3.207832098007202
49,785,3.770659923553467
49,787,18.69098472595215
49,789,1.6825320720672607
49,791,0.20223183929920197
49,793,29.501848220825195
49,795,27.659095764160156
49,797,8.805999755859375
49,799,3.1174473762512207
50,801,3.8006134033203125
50,803,18.616289138793945
50,805,1.6403634548187256
50,807,0.254126638174057
50,809,28.388437271118164
50,811,27.573993682861328
50,813,8.332612991333008
50,815,3.0320873260498047
51,817,3.8309073448181152
51,819,18.545204162597656
51,821,1.60169517993927
51,823,0.31606659293174744
51,825,27.34636116027832
51,827,27.49276351928711
51,829,7.89155387878418
51,831,2.9514400959014893
52,833,3.861382246017456
52,835,18.477506637573242
52,837,1.566240668296814
52,839,0.38663217425346375
52,841,26.370481491088867
52,843,27.41524887084961
52,845,7.4804534912109375
52,847,2.8752055168151855
53,849,3.8919270038604736
53,851,18.413047790527344
53,853,1.5337427854537964
53,855,0.4645334780216217
53,857,25.4561767578125
53,859,27.341232299804688
53,861,7.097097396850586
53,863,2.803118944168091
54,865,3.922415256500244
54,867,18.351654052734375
54,869,1.503957986831665
54,871,0.5486223101615906
54,873,24.599205017089844
54,875,27.270549774169922
54,877,6.73942756652832
54,879,2.7349207401275635
55,881,3.9527697563171387
55,883,18.293155670166016
55,885,1.4766409397125244
55,887,0.6378596425056458
55,889,23.79560661315918
55,891,27.20302391052246
55,893,6.405643939971924
55,895,2.6703875064849854
56,897,3.9828860759735107
56,899,18.23741912841797
56,901,1.4515970945358276
56,903,0.7313132882118225
56,905,23.041688919067383
56,907,27.13857078552246
56,909,6.093954086303711
56,911,2.609297513961792
57,913,4.012678146362305
57,915,18.18429183959961
57,917,1.428647756576538
57,919,0.8281692862510681
57,921,22.334028244018555
57,923,27.07697105407715
57,925,5.802785396575928
57,927,2.55142879486084
58,929,4.042121887207031
58,931,18.133644104003906
58,933,1.4076128005981445
58,935,0.9276717305183411
58,937,21.669574737548828
58,939,27.018138885498047
58,941,5.530706882476807
58,943,2.496614456176758
59,945,4.071127891540527
59,947,18.085359573364258
59,949,1.3883206844329834
59,951,1.0291427373886108
59,953,21.04537582397461
59,955,26.96192169189453
59,957,5.276316165924072
59,959,2.444676399230957
60,961,4.099639892578125
60,963,18.03931427001953
60,965,1.3706603050231934
60,967,1.1320345401763916
60,969,20.45867347717285
60,971,26.9082088470459
60,973,5.0383501052856445
60,975,2.3954362869262695
61,977,4.127633094787598
61,979,17.995389938354492
61,981,1.3544658422470093
61,983,1.2357912063598633
61,985,19.906959533691406
61,987,26.856849670410156
61,989,4.8156561851501465
61,991,2.3487281799316406
62,993,4.155079364776611
62,995,17.953495025634766
62,997,1.339629054069519
62,999,1.33995521068573
62,1001,19.38799285888672
62,1003,26.80776596069336
62,1005,4.607175827026367
62,1007,2.304420232772827
63,1009,4.181954383850098
63,1011,17.913524627685547
63,1013,1.3260411024093628
63,1015,1.4441156387329102
63,1017,18.899593353271484
63,1019,26.760889053344727
63,1021,4.411884784698486
63,1023,2.262378454208374
64,1025,4.208218574523926
64,1027,17.875377655029297
64,1029,1.3135877847671509
64,1031,1.5479252338409424
64,1033,18.439697265625
64,1035,26.71603012084961
64,1037,4.228895664215088
64,1039,2.222470283508301
65,1041,4.233850955963135
65,1043,17.838977813720703
65,1045,1.3021738529205322
65,1047,1.6510695219039917
65,1049,18.00654411315918
65,1051,26.673160552978516
65,1053,4.057335376739502
65,1055,2.1845741271972656
66,1057,4.258857727050781
66,1059,17.804227828979492
66,1061,1.2917237281799316
66,1063,1.7532545328140259
66,1065,17.598316192626953
66,1067,26.63220977783203
66,1069,3.896421194076538
66,1071,2.1485824584960938
67,1073,4.28322696685791
67,1075,17.77105712890625
67,1077,1.2821563482284546
67,1079,1.8542672395706177
67,1081,17.21345329284668
67,1083,26.59299087524414
67,1085,3.7454280853271484
67,1087,2.114382028579712
68,1089,4.306933879852295
68,1091,17.739368438720703
68,1093,1.273395299911499
68,1095,1.9538800716400146
68,1097,16.850427627563477
68,1099,26.55551528930664
68,1101,3.6036572456359863
68,1103,2.081885576248169
69,1105,4.329992771148682
69,1107,17.709123611450195
69,1109,1.265368938446045
69,1111,2.0519399642944336
69,1113,16.50788688659668
69,1115,26.519691467285156
69,1117,3.470503807067871
69,1119,2.050985097885132
70,1121,4.352396011352539
70,1123,17.68023681640625
70,1125,1.2580174207687378
70,1127,2.1482863426208496
70,1129,16.184534072875977
70,1131,26.48543930053711
70,1133,3.345384359359741
70,1135,2.021604061126709
71,1137,4.374147891998291
71,1139,17.65264129638672
71,1141,1.2512919902801514
71,1143,2.2427828311920166
71,1145,15.879149436950684
71,1147,26.452648162841797
71,1149,3.2277493476867676
71,1151,1.9936587810516357
72,1153,4.39525032043457
72,1155,17.626277923583984
72,1157,1.2451287508010864
72,1159,2.3353524208068848
72,1161,15.590633392333984
72,1163,26.421295166015625
72,1165,3.1171181201934814
72,1167,1.9670723676681519
73,1169,4.415718078613281
73,1171,17.601097106933594
73,1173,1.2394936084747314
73,1175,2.425884246826172
73,1177,15.317962646484375
73,1179,26.391254425048828
73,1181,3.013030767440796
73,1183,1.9417724609375
74,1185,4.435535907745361
74,1187,17.57703971862793
74,1189,1.2343418598175049
74,1191,2.514329195022583
74,1193,15.060148239135742
74,1195,26.36258316040039
74,1197,2.9150352478027344
74,1199,1.9176924228668213
75,1201,4.454733371734619
75,1203,17.554035186767578
75,1205,1.2296183109283447
75,1207,2.60062575340271
75,1209,14.816248893737793
75,1211,26.335147857666016
75,1213,2.8227336406707764
75,1215,1.8947604894638062
76,1217,4.473315715789795
76,1219,17.532066345214844
76,1221,1.2252944707870483
76,1223,2.6847424507141113
76,1225,14.58549690246582
76,1227,26.308866500854492
76,1229,2.7357938289642334
76,1231,1.8729294538497925
77,1233,4.491279125213623
77,1235,17.51104736328125
77,1237,1.221347689628601
77,1239,2.76664662361145
77,1241,14.367043495178223
77,1243,26.28372573852539
77,1245,2.6538166999816895
77,1247,1.8521298170089722
78,1249,4.508664131164551
78,1251,17.490982055664062
78,1253,1.2177335023880005
78,1255,2.8463146686553955
78,1257,14.160186767578125
78,1259,26.25966453552246
78,1261,2.5765273571014404
78,1263,1.8323160409927368
79,1265,4.525454044342041
79,1267,17.471778869628906
79,1269,1.2144275903701782
79,1271,2.9237520694732666
79,1273,13.964258193969727
79,1275,26.23666763305664
79,1277,2.503614902496338
79,1279,1.8134350776672363
80,1281,4.541668891906738
80,1283,17.453433990478516
80,1285,1.2114109992980957
80,1287,2.998973846435547
80,1289,13.778593063354492
80,1291,26.214662551879883
80,1293,2.434790849685669
80,1295,1.7954468727111816
81,1297,4.557331562042236
81,1299,17.43588638305664
81,1301,1.2086514234542847
81,1303,3.0719642639160156
81,1305,13.602560043334961
81,1307,26.19356918334961
81,1309,2.369802474975586
81,1311,1.778291940689087
82,1313,4.572450637817383
82,1315,17.419118881225586
82,1317,1.2061220407485962
82,1319,3.142756938934326
82,1321,13.435649871826172
82,1323,26.173370361328125
82,1325,2.3084232807159424
82,1327,1.7619361877441406
83,1329,4.587033748626709
83,1331,17.403072357177734
83,1333,1.2038140296936035
83,1335,3.211357831954956
83,1337,13.277320861816406
83,1339,26.154067993164062
83,1341,2.2504255771636963
83,1343,1.7463420629501343
84,1345,4.601089954376221
84,1347,17.38772201538086
84,1349,1.2017145156860352
84,1351,3.277818441390991
84,1353,13.127077102661133
84,1355,26.135589599609375
84,1357,2.195592164993286
84,1359,1.7314605712890625
85,1361,4.6146745681762695
85,1363,17.373056411743164
85,1365,1.19978928565979
85,1367,3.342133045196533
85,1369,12.98449420928955
85,1371,26.117919921875
85,1373,2.1437408924102783
85,1375,1.7172755002975464
86,1377,4.6277384757995605
86,1379,17.359024047851562
86,1381,1.1980280876159668
86,1383,3.4043829441070557
86,1385,12.849098205566406
86,1387,26.101003646850586
86,1389,2.0946693420410156
86,1391,1.7037408351898193
87,1393,4.640337944030762
87,1395,17.345590591430664
87,1397,1.196424126625061
87,1399,3.4645724296569824
87,1401,12.720494270324707
87,1403,26.08478546142578
87,1405,2.048245906829834
87,1407,1.6908185482025146
88,1409,4.652465343475342
88,1411,17.332746505737305
88,1413,1.1949636936187744
88,1415,3.5227549076080322
88,1417,12.598299026489258
88,1419,26.069263458251953
88,1421,2.0042805671691895
88,1423,1.6784842014312744
89,1425,4.664161682128906
89,1427,17.320466995239258
89,1429,1.19362473487854
89,1431,3.5789575576782227
89,1433,12.482213973999023
89,1435,26.054412841796875
89,1437,1.9626396894454956
89,1439,1.6667165756225586
90,1441,4.675416946411133
90,1443,17.308704376220703
90,1445,1.1924065351486206
90,1447,3.6332621574401855
90,1449,12.371840476989746
90,1451,26.04021453857422
90,1453,1.9231880903244019
90,1455,1.6554816961288452
91,1457,4.686254978179932
91,1459,17.29745864868164
91,1461,1.1912919282913208
91,1463,3.685657262802124
91,1465,12.266878128051758
91,1467,26.026611328125
91,1469,1.8857932090759277
91,1471,1.6447532176971436
92,1473,4.6966872215271
92,1475,17.286691665649414
92,1477,1.1902837753295898
92,1479,3.7362351417541504
92,1481,12.167057991027832
92,1483,26.01357650756836
92,1485,1.8503384590148926
92,1487,1.6345027685165405
93,1489,4.706727027893066
93,1491,17.276399612426758
93,1493,1.1893634796142578
93,1495,3.7850284576416016
93,1497,12.072110176086426
93,1499,26.001102447509766
93,1501,1.8167128562927246
93,1503,1.6247174739837646
94,1505,4.7163777351379395
94,1507,17.26654052734375
94,1509,1.188518762588501
94,1511,3.832064151763916
94,1513,11.981734275817871
94,1515,25.989124298095703
94,1517,1.7848103046417236
94,1519,1.615374207496643
95,1521,4.725658893585205
95,1523,17.257112503051758
95,1525,1.1877559423446655
95,1527,3.8774378299713135
95,1529,11.895716667175293
95,1531,25.977689743041992
95,1533,1.754533052444458
95,1535,1.6064456701278687
96,1537,4.734589099884033
96,1539,17.24808120727539
96,1541,1.187059760093689
96,1543,3.921157121658325
96,1545,11.813814163208008
96,1547,25.966737747192383
96,1549,1.72578763961792
96,1551,1.5979126691818237
97,1553,4.743185997009277
97,1555,17.23944091796875
97,1557,1.1864224672317505
97,1559,3.963273048400879
97,1561,11.735885620117188
97,1563,25.956249237060547
97,1565,1.6984935998916626
97,1567,1.5897643566131592
98,1569,4.751430034637451
98,1571,17.23118019104004
98,1573,1.1858513355255127
98,1575,4.003847122192383
98,1577,11.661613464355469
98,1579,25.946212768554688
98,1581,1.6725651025772095
98,1583,1.5819705724716187
99,1585,4.759375095367432
99,1587,17.223270416259766
99,1589,1.1853246688842773
99,1591,4.042910575866699
99,1593,11.590888977050781
99,1595,25.936588287353516
99,1597,1.6479344367980957
99,1599,1.574531078338623
100,1601,4.766993999481201
100,1603,17.2156982421875
100,1605,1.184850811958313
100,1607,4.080524444580078
100,1609,11.523472785949707
100,1611,25.927377700805664
100,1613,1.6245183944702148
100,1615,1.5674164295196533
101,1617,4.774323463439941
101,1619,17.208446502685547
101,1621,1.1844182014465332
101,1623,4.116716384887695
101,1625,11.459238052368164
101,1627,25.918588638305664
101,1629,1.6022498607635498
101,1631,1.5606157779693604
102,1633,4.781369209289551
102,1635,17.201507568359375
102,1637,1.1840249300003052
102,1639,4.151560306549072
102,1641,11.397994041442871
102,1643,25.910140991210938
102,1645,1.581092357635498
102,1647,1.5541142225265503
103,1649,4.788125038146973
103,1651,17.194852828979492
103,1653,1.1836719512939453
103,1655,4.185087203979492
103,1657,11.339613914489746
103,1659,25.902076721191406
103,1661,1.5609437227249146
103,1663,1.5478955507278442
104,1665,4.794632911682129
104,1667,17.188491821289062
104,1669,1.1833518743515015
104,1671,4.217320919036865
104,1673,11.283943176269531
104,1675,25.894277572631836
104,1677,1.5417933464050293
104,1679,1.5419548749923706
105,1681,4.800870895385742
105,1683,17.18240737915039
105,1685,1.1830592155456543
105,1687,4.2483344078063965
105,1689,11.230843544006348
105,1691,25.886869430541992
105,1693,1.5235633850097656
105,1695,1.5362722873687744
106,1697,4.806863307952881
106,1699,17.17658233642578
106,1701,1.1827969551086426
106,1703,4.27813196182251
106,1705,11.180215835571289
106,1707,25.879802703857422
106,1709,1.5062062740325928
106,1711,1.5308470726013184
107,1713,4.812611103057861
107,1715,17.170988082885742
107,1717,1.1825621128082275
107,1719,4.306815147399902
107,1721,11.131895065307617
107,1723,25.87297821044922
107,1725,1.4896780252456665
107,1727,1.525645136833191
108,1729,4.818149089813232
108,1731,17.16565704345703
108,1733,1.1823458671569824
108,1735,4.334381580352783
108,1737,11.085782051086426
108,1739,25.86646842956543
108,1741,1.4739333391189575
108,1743,1.520673155784607
109,1745,4.823445796966553
109,1747,17.160533905029297
109,1749,1.1821489334106445
109,1751,4.36086368560791
109,1753,11.041773796081543
109,1755,25.860210418701172
109,1757,1.458943247795105
109,1759,1.5159164667129517
110,1761,4.82853889465332
110,1763,17.155641555786133
110,1765,1.181976556777954
110,1767,4.38631534576416
110,1769,10.999794006347656
110,1771,25.854267120361328
110,1773,1.4446721076965332
110,1775,1.5113786458969116
111,1777,4.8334245681762695
111,1779,17.150949478149414
111,1781,1.1818199157714844
111,1783,4.410770893096924
111,1785,10.959697723388672
111,1787,25.848533630371094
111,1789,1.4310524463653564
111,1791,1.5070260763168335
112,1793,4.838117599487305
112,1795,17.14645767211914
112,1797,1.1816767454147339
112,1799,4.434256553649902
112,1801,10.921428680419922
112,1803,25.843027114868164
112,1805,1.4180889129638672
112,1807,1.5028685331344604
113,1809,4.842620849609375
113,1811,17.142166137695312
113,1813,1.1815485954284668
113,1815,4.456833839416504
113,1817,10.884868621826172
113,1819,25.83782958984375
113,1821,1.4057223796844482
113,1823,1.4988869428634644
114,1825,4.846940040588379
114,1827,17.13803482055664
114,1829,1.1814390420913696
114,1831,4.478507995605469
114,1833,10.849953651428223
114,1835,25.83277130126953
114,1837,1.3939286470413208
114,1839,1.4950774908065796
115,1841,4.8510894775390625
115,1843,17.13410186767578
115,1845,1.1813342571258545
115,1847,4.499326705932617
115,1849,10.816603660583496
115,1851,25.82794189453125
115,1853,1.382685899734497
115,1855,1.4914331436157227
116,1857,4.8550639152526855
116,1859,17.130321502685547
116,1861,1.1812430620193481
116,1863,4.519323348999023
116,1865,10.784760475158691
116,1867,25.823368072509766
116,1869,1.3719494342803955
116,1871,1.487947940826416
117,1873,4.858879566192627
117,1875,17.126699447631836
117,1877,1.1811652183532715
117,1879,4.538538932800293
117,1881,10.75429916381836
117,1883,25.81894874572754
117,1885,1.3617053031921387
117,1887,1.484604001045227
118,1889,4.862546443939209
118,1891,17.123241424560547
118,1893,1.1810911893844604
118,1895,4.556996822357178
118,1897,10.725192070007324
118,1899,25.814693450927734
118,1901,1.3519397974014282
118,1903,1.4814085960388184
119,1905,4.86606502532959
119,1907,17.119922637939453
119,1909,1.181030035018921
119,1911,4.574679374694824
119,1913,10.697418212890625
119,1915,25.81061553955078
119,1917,1.3426257371902466
119,1919,1.4783568382263184
120,1921,4.869426727294922
120,1923,17.116748809814453
120,1925,1.1809734106063843
120,1927,4.591670036315918
120,1929,10.670858383178711
120,1931,25.806785583496094
120,1933,1.333727240562439
120,1935,1.4754295349121094
121,1937,4.8726654052734375
121,1939,17.11370086669922
121,1941,1.1809226274490356
121,1943,4.607988357543945
121,1945,10.645475387573242
121,1947,25.80302619934082
121,1949,1.3252354860305786
121,1951,1.47262704372406
122,1953,4.875778675079346
122,1955,17.110794067382812
122,1957,1.1808750629425049
122,1959,4.62362813949585
122,1961,10.621216773986816
122,1963,25.799461364746094
122,1965,1.3171299695968628
122,1967,1.4699443578720093
123,1969,4.878748893737793
123,1971,17.108003616333008
123,1973,1.1808438301086426
123,1975,4.6386494636535645
123,1977,10.598010063171387
123,1979,25.796077728271484
123,1981,1.3093888759613037
123,1983,1.467382788658142
124,1985,4.881598949432373
124,1987,17.10532569885254
124,1989,1.1808089017868042
124,1991,4.653076648712158
124,1993,10.575823783874512
124,1995,25.792781829833984
124,1997,1.3019953966140747
124,1999,1.4649217128753662
125,2001,4.884339332580566
125,2003,17.102773666381836
125,2005,1.180776834487915
125,2007,4.666901111602783
125,2009,10.554638862609863
125,2011,25.78965950012207
125,2013,1.2949389219284058
125,2015,1.4625751972198486
126,2017,4.886961460113525
126,2019,17.100322723388672
126,2021,1.1807546615600586
126,2023,4.680163860321045
126,2025,10.534398078918457
126,2027,25.786636352539062
126,2029,1.2882026433944702
126,2031,1.4603290557861328
127,2033,4.889472007751465
127,2035,17.09797477722168
127,2037,1.180732011795044
127,2039,4.692899703979492
127,2041,10.515031814575195
127,2043,25.783784866333008
127,2045,1.2817659378051758
127,2047,1.4581726789474487
128,2049,4.891883373260498
128,2051,17.095720291137695
128,2053,1.180717945098877
128,2055,4.70509147644043
128,2057,10.496480941772461
128,2059,25.78104019165039
128,2061,1.2756043672561646
128,2063,1.4561115503311157
129,2065,4.89420223236084
129,2067,17.093563079833984
129,2069,1.180699348449707
129,2071,4.716823577880859
129,2073,10.478741645812988
129,2075,25.778411865234375
129,2077,1.2697179317474365
129,2079,1.4541360139846802
130,2081,4.89642333984375
130,2083,17.091503143310547
130,2085,1.1806879043579102
130,2087,4.728076457977295
130,2089,10.461782455444336
130,2091,25.775890350341797
130,2093,1.2640972137451172
130,2095,1.4522459506988525
131,2097,4.898544788360596
131,2099,17.08953285217285
131,2101,1.1806787252426147
131,2103,4.738856792449951
131,2105,10.44554615020752
131,2107,25.773494720458984
131,2109,1.2587170600891113
131,2111,1.4504358768463135
132,2113,4.900579929351807
132,2115,17.087636947631836
132,2117,1.180670976638794
132,2119,4.749225616455078
132,2121,10.430000305175781
132,2123,25.77114486694336
132,2125,1.253583550453186
132,2127,1.4487026929855347
133,2129,4.9025444984436035
133,2131,17.0858211517334
133,2133,1.180661678314209
133,2135,4.7591447830200195
133,2137,10.415135383605957
133,2139,25.7689208984375
133,2141,1.2486668825149536
133,2143,1.4470365047454834
134,2145,4.90442419052124
134,2147,17.084081649780273
134,2149,1.1806563138961792
134,2151,4.768678665161133
134,2153,10.400948524475098
134,2155,25.76677703857422
134,2157,1.2439777851104736
134,2159,1.4454489946365356
135,2161,4.906218528747559
135,2163,17.082416534423828
135,2165,1.1806591749191284
135,2167,4.777792930603027
135,2169,10.387335777282715
135,2171,25.76473617553711
135,2173,1.2394903898239136
135,2175,1.4439269304275513
136,2177,4.907951831817627
136,2179,17.080827713012695
136,2181,1.1806567907333374
136,2183,4.786540985107422
136,2185,10.374342918395996
136,2187,25.762794494628906
136,2189,1.2351982593536377
136,2191,1.4424704313278198
137,2193,4.909598350524902
137,2195,17.079299926757812
137,2197,1.1806548833847046
137,2199,4.794938087463379
137,2201,10.36191177368164
137,2203,25.76091766357422
137,2205,1.2311040163040161
137,2207,1.4410792589187622
138,2209,4.911165714263916
138,2211,17.07783317565918
138,2213,1.1806527376174927
138,2215,4.802975177764893
138,2217,10.349996566772461
138,2219,25.759136199951172
138,2221,1.2271767854690552
138,2223,1.4397433996200562
139,2225,4.91269588470459
139,2227,17.076431274414062
139,2229,1.1806581020355225
139,2231,4.810697555541992
139,2233,10.338595390319824
139,2235,25.757396697998047
139,2237,1.2234258651733398
139,2239,1.4384568929672241
140,2241,4.9141526222229
140,2243,17.075096130371094
140,2245,1.1806594133377075
140,2247,4.818098545074463
140,2249,10.327689170837402
140,2251,25.75579071044922
140,2253,1.2198359966278076
140,2255,1.4372317790985107
141,2257,4.915554523468018
141,2259,17.073810577392578
141,2261,1.1806601285934448
141,2263,4.825186252593994
141,2265,10.317267417907715
141,2267,25.754215240478516
141,2269,1.2164034843444824
141,2271,1.4360607862472534
142,2273,4.916889190673828
142,2275,17.072574615478516
142,2277,1.1806623935699463
142,2279,4.831977844238281
142,2281,10.307291030883789
142,2283,25.752695083618164
142,2285,1.2131340503692627
142,2287,1.4349443912506104
143,2289,4.918154716491699
143,2291,17.071395874023438
143,2293,1.1806704998016357
143,2295,4.838504314422607
143,2297,10.29774284362793
143,2299,25.7512149810791
143,2301,1.2099910974502563
143,2303,1.4338642358779907
144,2305,4.919393062591553
144,2307,17.07027244567871
144,2309,1.1806753873825073
144,2311,4.844732284545898
144,2313,10.288586616516113
144,2315,25.74987030029297
144,2317,1.206993579864502
144,2319,1.4328370094299316
145,2321,4.920573711395264
145,2323,17.06918716430664
145,2325,1.1806786060333252
145,2327,4.850733757019043
145,2329,10.279828071594238
145,2331,25.748531341552734
145,2333,1.2041105031967163
145,2335,1.431846261024475
146,2337,4.921699523925781
146,2339,17.06815528869629
146,2341,1.180684208869934
146,2343,4.856478214263916
146,2345,10.271450996398926
146,2347,25.747272491455078
146,2349,1.2013609409332275
146,2351,1.4309018850326538
147,2353,4.92277717590332
147,2355,17.067161560058594
147,2357,1.180690884590149
147,2359,4.861983299255371
147,2361,10.263408660888672
147,2363,25.746044158935547
147,2365,1.198729395866394
147,2367,1.4299981594085693
148,2369,4.923811912536621
148,2371,17.06620216369629
148,2373,1.180694580078125
148,2375,4.867286205291748
148,2377,10.25572681427002
148,2379,25.74488067626953
148,2381,1.1962031126022339
148,2383,1.4291290044784546
149,2385,4.924803256988525
149,2387,17.065290451049805
149,2389,1.1806981563568115
149,2391,4.872344970703125
149,2393,10.248360633850098
149,2395,25.743764877319336
149,2397,1.1937912702560425
149,2399,1.428300380706787
150,2401,4.9257612228393555
150,2403,17.064430236816406
150,2405,1.1807042360305786
150,2407,4.877192497253418
150,2409,10.241327285766602
150,2411,25.742660522460938
150,2413,1.1914947032928467
150,2415,1.427504062652588
151,2417,4.926669597625732
151,2419,17.06358528137207
151,2421,1.1807159185409546
151,2423,4.881844520568848
151,2425,10.234589576721191
151,2427,25.741641998291016
151,2429,1.1892832517623901
151,2431,1.4267467260360718
152,2433,4.927553653717041
152,2435,17.062788009643555
152,2437,1.1807180643081665
152,2439,4.886294841766357
152,2441,10.228130340576172
152,2443,25.740671157836914
152,2445,1.1871751546859741
152,2447,1.4260101318359375
153,2449,4.928389549255371
153,2451,17.06201934814453
153,2453,1.1807256937026978
153,2455,4.890538215637207
153,2457,10.221967697143555
153,2459,25.739749908447266
153,2461,1.1851543188095093
153,2463,1.4253172874450684
154,2465,4.929191589355469
154,2467,17.0612850189209
154,2469,1.1807293891906738
154,2471,4.894636631011963
154,2473,10.216055870056152
154,2475,25.73885726928711
154,2477,1.1832177639007568
154,2479,1.4246494770050049
155,2481,4.929958820343018
155,2483,17.060583114624023
155,2485,1.1807349920272827
155,2487,4.898568630218506
155,2489,10.210358619689941
155,2491,25.737972259521484
155,2493,1.1813632249832153
155,2495,1.4240087270736694
156,2497,4.930697441101074
156,2499,17.059906005859375
156,2501,1.1807430982589722
156,2503,4.9023332595825195
156,2505,10.204928398132324
156,2507,25.73717498779297
156,2509,1.1795860528945923
156,2511,1.423386812210083
157,2513,4.931406497955322
157,2515,17.05925941467285
157,2517,1.180746078491211
157,2519,4.905954837799072
157,2521,10.19973087310791
157,2523,25.736339569091797
157,2525,1.177883505821228
157,2527,1.4228004217147827
158,2529,4.9320783615112305
158,2531,17.058629989624023
158,2533,1.1807527542114258
158,2535,4.909416198730469
158,2537,10.194756507873535
158,2539,25.73560905456543
158,2541,1.176265001296997
158,2543,1.4222357273101807
159,2545,4.932731628417969
159,2547,17.05804443359375
159,2549,1.1807582378387451
159,2551,4.91270637512207
159,2553,10.189995765686035
159,2555,25.734859466552734
159,2557,1.1747134923934937
159,2559,1.4217000007629395
160,2561,4.933354377746582
160,2563,17.057476043701172
160,2565,1.1807650327682495
160,2567,4.915884971618652
160,2569,10.185439109802246
160,2571,25.734195709228516
160,2573,1.173215389251709
160,2575,1.4211851358413696
161,2577,4.9339494705200195
161,2579,17.056934356689453
161,2581,1.1807705163955688
161,2583,4.918946743011475
161,2585,10.18107795715332
161,2587,25.733476638793945
161,2589,1.1718016862869263
161,2591,1.4206860065460205
162,2593,4.934518337249756
162,2595,17.056407928466797
162,2597,1.1807762384414673
162,2599,4.921837329864502
162,2601,10.176902770996094
162,2603,25.732852935791016
162,2605,1.1704411506652832
162,2607,1.420215368270874
163,2609,4.935065269470215
163,2611,17.055925369262695
163,2613,1.180781364440918
163,2615,4.924611568450928
163,2617,10.172914505004883
163,2619,25.732257843017578
163,2621,1.1691336631774902
163,2623,1.4197592735290527
164,2625,4.935588836669922
164,2627,17.055444717407227
164,2629,1.1807875633239746
164,2631,4.927280426025391
164,2633,10.169086456298828
164,2635,25.731670379638672
164,2637,1.1678833961486816
164,2639,1.4193284511566162
165,2641,4.9360833168029785
165,2643,17.054973602294922
165,2645,1.1807905435562134
165,2647,4.929868698120117
165,2649,10.165416717529297
165,2651,25.73110580444336
165,2653,1.1666903495788574
165,2655,1.4189121723175049
166,2657,4.9365763664245605
166,2659,17.05453872680664
166,2661,1.1807973384857178
166,2663,4.932309150695801
166,2665,10.161898612976074
166,2667,25.730566024780273
166,2669,1.165539264678955
166,2671,1.418513536453247
167,2673,4.937033176422119
167,2675,17.054119110107422
167,2677,1.1808013916015625
167,2679,4.934670925140381
167,2681,10.158520698547363
167,2683,25.730037689208984
167,2685,1.1644431352615356
167,2687,1.4181312322616577
168,2689,4.93747091293335
168,2691,17.053709030151367
168,2693,1.1808069944381714
168,2695,4.936944007873535
168,2697,10.155284881591797
168,2699,25.729549407958984
168,2701,1.1633855104446411
168,2703,1.4177578687667847
169,2705,4.9379048347473145
169,2707,17.053335189819336
169,2709,1.1808098554611206
169,2711,4.939089775085449
169,2713,10.15220832824707
169,2715,25.72905731201172
169,2717,1.1623889207839966
169,2719,1.4174127578735352
170,2721,4.9383039474487305
170,2723,17.052963256835938
170,2725,1.1808136701583862
170,2727,4.941155433654785
170,2729,10.149271965026855
170,2731,25.728618621826172
170,2733,1.1614243984222412
170,2735,1.4170777797698975
171,2737,4.938693523406982
171,2739,17.052600860595703
171,2741,1.1808209419250488
171,2743,4.943134307861328
171,2745,10.14643383026123
171,2747,25.72817611694336
171,2749,1.1605066061019897
171,2751,1.4167560338974
172,2753,4.939064025878906
172,2755,17.05226707458496
172,2757,1.180822491645813
172,2759,4.945028781890869
172,2761,10.143701553344727
172,2763,25.727802276611328
172,2765,1.1596158742904663
172,2767,1.416446328163147
173,2769,4.939418792724609
173,2771,17.051952362060547
173,2773,1.1808269023895264
173,2775,4.9468607902526855
173,2777,10.141118049621582
173,2779,25.727397918701172
173,2781,1.158773422241211
173,2783,1.4161516427993774
174,2785,4.939761161804199
174,2787,17.0516300201416
174,2789,1.1808313131332397
174,2791,4.948610305786133
174,2793,10.138623237609863
174,2795,25.727012634277344
174,2797,1.157962679862976
174,2799,1.4158682823181152
175,2801,4.940088272094727
175,2803,17.051332473754883
175,2805,1.1808406114578247
175,2807,4.950287342071533
175,2809,10.136225700378418
175,2811,25.726638793945312
175,2813,1.1571732759475708
175,2815,1.415600299835205
176,2817,4.940408706665039
176,2819,17.051040649414062
176,2821,1.1808409690856934
176,2823,4.951913833618164
176,2825,10.133915901184082
176,2827,25.726295471191406
176,2829,1.1564276218414307
176,2831,1.4153319597244263
177,2833,4.940714359283447
177,2835,17.050765991210938
177,2837,1.1808433532714844
177,2839,4.953449726104736
177,2841,10.131719589233398
177,2843,25.725929260253906
177,2845,1.155717372894287
177,2847,1.4150793552398682
178,2849,4.941002368927002
178,2851,17.050508499145508
178,2853,1.1808487176895142
178,2855,4.954920291900635
178,2857,10.129638671875
178,2859,25.725622177124023
178,2861,1.155037522315979
178,2863,1.4148459434509277
179,2865,4.9412760734558105
179,2867,17.050262451171875
179,2869,1.1808499097824097
179,2871,4.95632266998291
179,2873,10.127628326416016
179,2875,25.72533416748047
179,2877,1.1543842554092407
179,2879,1.4146161079406738
180,2881,4.941533088684082
180,2883,17.050018310546875
180,2885,1.1808568239212036
180,2887,4.957691669464111
180,2889,10.125696182250977
180,2891,25.725008010864258
180,2893,1.1537566184997559
180,2895,1.4143970012664795
181,2897,4.9417877197265625
181,2899,17.049789428710938
181,2901,1.1808563470840454
181,2903,4.958989143371582
181,2905,10.12385082244873
181,2907,25.724729537963867
181,2909,1.1531528234481812
181,2911,1.414190411567688
182,2913,4.9420366287231445
182,2915,17.049558639526367
182,2917,1.1808619499206543
182,2919,4.960223197937012
182,2921,10.122077941894531
182,2923,25.724489212036133
182,2925,1.152571678161621
182,2927,1.413987636566162
183,2929,4.9422760009765625
183,2931,17.049352645874023
183,2933,1.1808642148971558
183,2935,4.961419105529785
183,2937,10.120382308959961
183,2939,25.72418212890625
183,2941,1.1520304679870605
183,2943,1.4137929677963257
184,2945,4.942490577697754
184,2947,17.049152374267578
184,2949,1.18086576461792
184,2951,4.9625630378723145
184,2953,10.118775367736816
184,2955,25.723970413208008
184,2957,1.1515041589736938
184,2959,1.4136155843734741
185,2961,4.942706108093262
185,2963,17.0489559173584
185,2965,1.1808689832687378
185,2967,4.963653564453125
185,2969,10.117203712463379
185,2971,25.723711013793945
185,2973,1.150989055633545
185,2975,1.413436770439148
186,2977,4.942919731140137
186,2979,17.048768997192383
186,2981,1.1808687448501587
186,2983,4.964709281921387
186,2985,10.115727424621582
186,2987,25.723491668701172
186,2989,1.1505091190338135
186,2991,1.413265347480774
187,2993,4.943105697631836
187,2995,17.048587799072266
187,2997,1.1808719635009766
187,2999,4.9657087326049805
187,3001,10.114304542541504
187,3003,25.72323989868164
187,3005,1.1500530242919922
187,3007,1.413103461265564
188,3009,4.943298816680908
188,3011,17.048410415649414
188,3013,1.1808778047561646
188,3015,4.966679573059082
188,3017,10.112951278686523
188,3019,25.723039627075195
188,3021,1.1496102809906006
188,3023,1.4129483699798584
189,3025,4.943475723266602
189,3027,17.048254013061523
189,3029,1.1808780431747437
189,3031,4.967580318450928
189,3033,10.111641883850098
189,3035,25.72283935546875
189,3037,1.1491830348968506
189,3039,1.412802815437317
190,3041,4.943648815155029
190,3043,17.048099517822266
190,3045,1.1808820962905884
190,3047,4.968472480773926
190,3049,10.110376358032227
190,3051,25.72266387939453
190,3053,1.1487724781036377
190,3055,1.4126553535461426
191,3057,4.943812370300293
191,3059,17.047941207885742
191,3061,1.1808851957321167
191,3063,4.969332218170166
191,3065,10.109171867370605
191,3067,25.722463607788086
191,3069,1.1483845710754395
191,3071,1.4125148057937622
192,3073,4.943976879119873
192,3075,17.04780387878418
192,3077,1.180883526802063
192,3079,4.97012996673584
192,3081,10.108046531677246
192,3083,25.722270965576172
192,3085,1.1480237245559692
192,3087,1.4123893976211548
193,3089,4.944124221801758
193,3091,17.047670364379883
193,3093,1.1808862686157227
193,3095,4.970865249633789
193,3097,10.106973648071289
193,3099,25.72214698791504
193,3101,1.1476616859436035
193,3103,1.4122645854949951
194,3105,4.944268703460693
194,3107,17.04753303527832
194,3109,1.1808857917785645
194,3111,4.971624374389648
194,3113,10.105899810791016
194,3115,25.721973419189453
194,3117,1.1473197937011719
194,3119,1.4121458530426025
195,3121,4.944406509399414
195,3123,17.047409057617188
195,3125,1.1808891296386719
195,3127,4.972343444824219
195,3129,10.104896545410156
195,3131,25.721820831298828
195,3133,1.1469906568527222
195,3135,1.4120285511016846
196,3137,4.944535732269287
196,3139,17.04728889465332
196,3141,1.1808918714523315
196,3143,4.973030090332031
196,3145,10.10392951965332
196,3147,25.721647262573242
196,3149,1.146685242652893
196,3151,1.4119207859039307
197,3153,4.944672107696533
197,3155,17.047176361083984
197,3157,1.1808923482894897
197,3159,4.973670482635498
197,3161,10.103022575378418
197,3163,25.721511840820312
197,3165,1.146388292312622
197,3167,1.411815881729126
198,3169,4.944790840148926
198,3171,17.047061920166016
198,3173,1.1808955669403076
198,3175,4.974282741546631
198,3177,10.10215950012207
198,3179,25.72140884399414
198,3181,1.1461058855056763
198,3183,1.4117181301116943
199,3185,4.944902420043945
199,3187,17.046958923339844
199,3189,1.1808971166610718
199,3191,4.974868297576904
199,3193,10.101286888122559
199,3195,25.72127342224121
199,3197,1.1458221673965454
199,3199,1.4116177558898926
200,3201,4.945018291473389
200,3203,17.046863555908203
200,3205,1.1808984279632568
200,3207,4.975446701049805
200,3209,10.100493431091309
200,3211,25.72113037109375
200,3213,1.145568609237671
200,3215,1.411529302597046
201,3217,4.945120811462402
201,3219,17.04676055908203
201,3221,1.1808987855911255
201,3223,4.975996971130371
201,3225,10.099725723266602
201,3227,25.720993041992188
201,3229,1.1453148126602173
201,3231,1.4114415645599365
202,3233,4.9452223777771
202,3235,17.046672821044922
202,3237,1.180901288986206
202,3239,4.976521015167236
202,3241,10.098976135253906
202,3243,25.720897674560547
202,3245,1.145067572593689
202,3247,1.4113595485687256
203,3249,4.945326805114746
203,3251,17.04656982421875
203,3253,1.1809004545211792
203,3255,4.977039337158203
203,3257,10.098244667053223
203,3259,25.720802307128906
203,3261,1.1448341608047485
203,3263,1.4112703800201416
204,3265,4.945424556732178
204,3267,17.046489715576172
204,3269,1.1809041500091553
204,3271,4.977522850036621
204,3273,10.097564697265625
204,3275,25.720687866210938
204,3277,1.1446126699447632
204,3279,1.411195158958435
205,3281,4.945504665374756
205,3283,17.046398162841797
205,3285,1.1809042692184448
205,3287,4.978003978729248
205,3289,10.096901893615723
205,3291,25.720600128173828
205,3293,1.1443911790847778
205,3295,1.4111236333847046
206,3297,4.9456000328063965
206,3299,17.04632568359375
206,3301,1.180904507637024
206,3303,4.978432655334473
206,3305,10.09626579284668
206,3307,25.72046661376953
206,3309,1.1441926956176758
206,3311,1.4110466241836548
207,3313,4.945687770843506
207,3315,17.046249389648438
207,3317,1.1809056997299194
207,3319,4.978860378265381
207,3321,10.095664978027344
207,3323,25.720409393310547
207,3325,1.143991470336914
207,3327,1.4109820127487183
208,3329,4.9457573890686035
208,3331,17.04617691040039
208,3333,1.1809091567993164
208,3335,4.979275226593018
208,3337,10.09508991241455
208,3339,25.720294952392578
208,3341,1.143813133239746
208,3343,1.410915493965149
209,3345,4.945837020874023
209,3347,17.04611587524414
209,3349,1.1809070110321045
209,3351,4.979647636413574
209,3353,10.0945405960083
209,3355,25.720237731933594
209,3357,1.1436307430267334
209,3359,1.4108514785766602
210,3361,4.945918560028076
210,3363,17.04604148864746
210,3365,1.180909276008606
210,3367,4.980024337768555
210,3369,10.09401798248291
210,3371,25.720130920410156
210,3373,1.1434617042541504
210,3375,1.4107906818389893
211,3377,4.945985794067383
211,3379,17.045974731445312
211,3381,1.1809110641479492
211,3383,4.98038387298584
211,3385,10.093530654907227
211,3387,25.720054626464844
211,3389,1.1433056592941284
211,3391,1.4107394218444824
212,3393,4.946043968200684
212,3395,17.045921325683594
212,3397,1.1809115409851074
212,3399,4.980727195739746
212,3401,10.093033790588379
212,3403,25.71999740600586
212,3405,1.1431366205215454
212,3407,1.4106842279434204
213,3409,4.946104526519775
213,3411,17.045856475830078
213,3413,1.180912733078003
213,3415,4.981064796447754
213,3417,10.092555046081543
213,3419,25.71990966796875
213,3421,1.14298415184021
213,3423,1.410627841949463
214,3425,4.946168422698975
214,3427,17.045806884765625
214,3429,1.1809138059616089
214,3431,4.9813923835754395
214,3433,10.092092514038086
214,3435,25.719863891601562
214,3437,1.1428380012512207
214,3439,1.4105744361877441
215,3441,4.946239471435547
215,3443,17.045745849609375
215,3445,1.1809138059616089
215,3447,4.981689929962158
215,3449,10.091683387756348
215,3451,25.719757080078125
215,3453,1.1427043676376343
215,3455,1.4105242490768433
216,3457,4.94629430770874
216,3459,17.045696258544922
216,3461,1.1809147596359253
216,3463,4.981958866119385
216,3465,10.091291427612305
216,3467,25.719688415527344
216,3469,1.1425714492797852
216,3471,1.410486102104187
217,3473,4.946342468261719
217,3475,17.045642852783203
217,3477,1.1809170246124268
217,3479,4.982229232788086
217,3481,10.090890884399414
217,3483,25.719661712646484
217,3485,1.1424481868743896
217,3487,1.4104365110397339
218,3489,4.9463958740234375
218,3491,17.04560089111328
218,3493,1.180915117263794
218,3495,4.982494354248047
218,3497,10.090516090393066
218,3499,25.719602584838867
218,3501,1.142324447631836
218,3503,1.4103951454162598
219,3505,4.946443557739258
219,3507,17.04555892944336
219,3509,1.1809144020080566
219,3511,4.982753276824951
219,3513,10.09015941619873
219,3515,25.719547271728516
219,3517,1.1422076225280762
219,3519,1.4103519916534424
220,3521,4.9464898109436035
220,3523,17.045507431030273
220,3525,1.1809171438217163
220,3527,4.983005523681641
220,3529,10.089811325073242
220,3531,25.7194881439209
220,3533,1.1420906782150269
220,3535,1.4103118181228638
221,3537,4.946536064147949
221,3539,17.045467376708984
221,3541,1.1809203624725342
221,3543,4.98324728012085
221,3545,10.089462280273438
221,3547,25.719449996948242
221,3549,1.141984224319458
221,3551,1.4102741479873657
222,3553,4.946590423583984
222,3555,17.045433044433594
222,3557,1.1809202432632446
222,3559,4.983473300933838
222,3561,10.089140892028809
222,3563,25.719371795654297
222,3565,1.141883373260498
222,3567,1.4102377891540527
223,3569,4.946629047393799
223,3571,17.045391082763672
223,3573,1.1809194087982178
223,3575,4.983686923980713
223,3577,10.08884334564209
223,3579,25.71933364868164
223,3581,1.1417853832244873
223,3583,1.4102065563201904
224,3585,4.946666717529297
224,3587,17.045364379882812
224,3589,1.1809208393096924
224,3591,4.983890056610107
224,3593,10.088565826416016
224,3595,25.719295501708984
224,3597,1.1416914463043213
224,3599,1.4101732969284058
225,3601,4.946709632873535
225,3603,17.045326232910156
225,3605,1.180922269821167
225,3607,4.984081745147705
225,3609,10.08830451965332
225,3611,25.719257354736328
225,3613,1.1416038274765015
225,3615,1.4101425409317017
226,3617,4.94672966003418
226,3619,17.045286178588867
226,3621,1.180920958518982
226,3623,4.984277725219727
226,3625,10.08802604675293
226,3627,25.719219207763672
226,3629,1.1415196657180786
226,3631,1.410109281539917
227,3633,4.946771144866943
227,3635,17.045251846313477
227,3637,1.1809217929840088
227,3639,4.9844512939453125
227,3641,10.08778190612793
227,3643,25.719161987304688
227,3645,1.1414389610290527
227,3647,1.4100823402404785
228,3649,4.946800708770752
228,3651,17.045223236083984
228,3653,1.1809250116348267
228,3655,4.984620094299316
228,3657,10.087546348571777
228,3659,25.719104766845703
228,3661,1.1413639783859253
228,3663,1.41005539894104
229,3665,4.946835517883301
229,3667,17.045196533203125
229,3669,1.1809229850769043
229,3671,4.984784126281738
229,3673,10.087321281433105
229,3675,25.719112396240234
229,3677,1.1412887573242188
229,3679,1.4100284576416016
230,3681,4.946864128112793
230,3683,17.0451717376709
230,3685,1.180923342704773
230,3687,4.98494291305542
230,3689,10.0870943069458
230,3691,25.719074249267578
230,3693,1.141214370727539
230,3695,1.4100046157836914
231,3697,4.946892738342285
231,3699,17.04514503479004
231,3701,1.180925726890564
231,3703,4.985098838806152
231,3705,10.086858749389648
231,3707,25.719066619873047
231,3709,1.141129493713379
231,3711,1.4099770784378052
232,3713,4.9469313621521
232,3715,17.04511833190918
232,3717,1.1809238195419312
232,3719,4.985251426696777
232,3721,10.086649894714355
232,3723,25.7189884185791
232,3725,1.1410717964172363
232,3727,1.4099538326263428
233,3729,4.946963787078857
233,3731,17.045089721679688
233,3733,1.1809296607971191
233,3735,4.985397815704346
233,3737,10.086441040039062
233,3739,25.718969345092773
233,3741,1.1410030126571655
233,3743,1.4099301099777222
234,3745,4.946985721588135
234,3747,17.045061111450195
234,3749,1.180927038192749
234,3751,4.985538482666016
234,3753,10.086240768432617
234,3755,25.718921661376953
234,3757,1.1409355401992798
234,3759,1.4099043607711792
235,3761,4.947011947631836
235,3763,17.045047760009766
235,3765,1.1809290647506714
235,3767,4.985651969909668
235,3769,10.086066246032715
235,3771,25.718902587890625
235,3773,1.1408764123916626
235,3775,1.4098862409591675
236,3777,4.947038173675537
236,3779,17.045026779174805
236,3781,1.1809287071228027
236,3783,4.985779762268066
236,3785,10.085866928100586
236,3787,25.718883514404297
236,3789,1.140811800956726
236,3791,1.4098609685897827
237,3793,4.947064399719238
237,3795,17.04500389099121
237,3797,1.1809271574020386
237,3799,4.985904216766357
237,3801,10.085700988769531
237,3803,25.718854904174805
237,3805,1.1407562494277954
237,3807,1.409842848777771
238,3809,4.947084426879883
238,3811,17.044971466064453
238,3813,1.180929183959961
238,3815,4.986028671264648
238,3817,10.085526466369629
238,3819,25.718854904174805
238,3821,1.1406943798065186
238,3823,1.4098234176635742
239,3825,4.947104454040527
239,3827,17.04494857788086
239,3829,1.180930495262146
239,3831,4.986152648925781
239,3833,10.08535385131836
239,3835,25.718788146972656
239,3837,1.1406463384628296
239,3839,1.4098032712936401
240,3841,4.947129249572754
240,3843,17.044925689697266
240,3845,1.1809312105178833
240,3847,4.986264228820801
240,3849,10.085205078125
240,3851,25.718769073486328
240,3853,1.1406038999557495
240,3855,1.4097864627838135
241,3857,4.947153091430664
241,3859,17.044918060302734
241,3861,1.1809296607971191
241,3863,4.986353874206543
241,3865,10.085057258605957
241,3867,25.718719482421875
241,3869,1.1405558586120605
241,3871,1.4097695350646973
242,3873,4.947167873382568
242,3875,17.04489517211914
242,3877,1.180932641029358
242,3879,4.986456394195557
242,3881,10.084909439086914
242,3883,25.718711853027344
242,3885,1.1405038833618164
242,3887,1.4097501039505005
243,3889,4.9471917152404785
243,3891,17.044876098632812
243,3893,1.1809310913085938
243,3895,4.986562252044678
243,3897,10.084770202636719
243,3899,25.718719482421875
243,3901,1.1404579877853394
243,3903,1.4097331762313843
244,3905,4.947208881378174
244,3907,17.04486656188965
244,3909,1.1809346675872803
244,3911,4.98665189743042
244,3913,10.084630012512207
244,3915,25.718700408935547
244,3917,1.14041268825531
244,3919,1.4097193479537964
245,3921,4.9472222328186035
245,3923,17.04485511779785
245,3925,1.1809349060058594
245,3927,4.986753940582275
245,3929,10.084516525268555
245,3931,25.718671798706055
245,3933,1.1403738260269165
245,3935,1.409705638885498
246,3937,4.947239875793457
246,3939,17.044837951660156
246,3941,1.1809333562850952
246,3943,4.986838340759277
246,3945,10.084396362304688
246,3947,25.718673706054688
246,3949,1.1403342485427856
246,3951,1.4096893072128296
247,3953,4.947266101837158
247,3955,17.044828414916992
247,3957,1.1809322834014893
247,3959,4.986900329589844
247,3961,10.08430004119873
247,3963,25.718643188476562
247,3965,1.140302300453186
247,3967,1.409681797027588
248,3969,4.947276592254639
248,3971,17.04482078552246
248,3973,1.1809324026107788
248,3975,4.986972332000732
248,3977,10.084203720092773
248,3979,25.718643188476562
248,3981,1.140273094177246
248,3983,1.4096717834472656
249,3985,4.947287559509277
249,3987,17.0448055267334
249,3989,1.1809320449829102
249,3991,4.987030029296875
249,3993,10.08411693572998
249,3995,25.718585968017578
249,3997,1.1402473449707031
249,3999,1.4096616506576538
250,4001,4.94730281829834
250,4003,17.044797897338867
250,4005,1.1809338331222534
250,4007,4.987079620361328
250,4009,10.084030151367188
250,4011,25.718595504760742
250,4013,1.1402175426483154
250,4015,1.4096516370773315
251,4017,4.947312355041504
251,4019,17.04477882385254
251,4021,1.1809333562850952
251,4023,4.987165451049805
251,4025,10.083934783935547
251,4027,25.718585968017578
251,4029,1.1401854753494263
251,4031,1.4096442461013794
252,4033,4.947318077087402
252,4035,17.044757843017578
252,4037,1.1809357404708862
252,4039,4.987227439880371
252,4041,10.08383846282959
252,4043,25.71856689453125
252,4045,1.1401598453521729
252,4047,1.4096260070800781
253,4049,4.947329521179199
253,4051,17.04474639892578
253,4053,1.180935263633728
253,4055,4.987282752990723
253,4057,10.083768844604492
253,4059,25.718538284301758
253,4061,1.140140414237976
253,4063,1.4096190929412842
254,4065,4.947343349456787
254,4067,17.044742584228516
254,4069,1.1809364557266235
254,4071,4.987328052520752
254,4073,10.083707809448242
254,4075,25.71851921081543
254,4077,1.1401174068450928
254,4079,1.409615397453308
255,4081,4.947352409362793
255,4083,17.04473876953125
255,4085,1.1809338331222534
255,4087,4.987384796142578
255,4089,10.083646774291992
255,4091,25.718528747558594
255,4093,1.1400951147079468
255,4095,1.409602165222168
256,4097,4.947362422943115
256,4099,17.04472541809082
256,4101,1.180935025215149
256,4103,4.987429141998291
256,4105,10.083578109741211
256,4107,25.71851921081543
256,4109,1.140072226524353
256,4111,1.409598469734192
257,4113,4.947364807128906
257,4115,17.044719696044922
257,4117,1.180933952331543
257,4119,4.98747444152832
257,4121,10.083499908447266
257,4123,25.71851921081543
257,4125,1.1400458812713623
257,4127,1.4095909595489502
258,4129,4.947375297546387
258,4131,17.044708251953125
258,4133,1.1809351444244385
258,4135,4.987525939941406
258,4137,10.083420753479004
258,4139,25.718528747558594
258,4141,1.1400235891342163
258,4143,1.4095814228057861
259,4145,4.947384834289551
259,4147,17.044706344604492
259,4149,1.1809346675872803
259,4151,4.987575531005859
259,4153,10.083351135253906
259,4155,25.718490600585938
259,4157,1.140000581741333
259,4159,1.4095746278762817
260,4161,4.947394371032715
260,4163,17.044694900512695
260,4165,1.1809364557266235
260,4167,4.987631797790527
260,4169,10.083281517028809
260,4171,25.71849822998047
260,4173,1.1399784088134766
260,4175,1.40956449508667
261,4177,4.947401523590088
261,4179,17.044689178466797
261,4181,1.1809324026107788
261,4183,4.987660884857178
261,4185,10.083229064941406
261,4187,25.71847915649414
261,4189,1.1399617195129395
261,4191,1.4095607995986938
262,4193,4.947415828704834
262,4195,17.0446834564209
262,4197,1.1809358596801758
262,4199,4.987699508666992
262,4201,10.083176612854004
262,4203,25.71847915649414
262,4205,1.1399422883987427
262,4207,1.4095538854599
263,4209,4.947413444519043
263,4211,17.04467010498047
263,4213,1.1809355020523071
263,4215,4.98774528503418
263,4217,10.08311653137207
263,4219,25.71847915649414
263,4221,1.1399192810058594
263,4223,1.4095444679260254
264,4225,4.947427749633789
264,4227,17.044666290283203
264,4229,1.1809366941452026
264,4231,4.98777961730957
264,4233,10.083064079284668
264,4235,25.71847152709961
264,4237,1.1399034261703491
264,4239,1.4095407724380493
265,4241,4.9474310874938965
265,4243,17.044658660888672
265,4245,1.180935025215149
265,4247,4.98781681060791
265,4249,10.083011627197266
265,4251,25.718460083007812
265,4253,1.1398839950561523
265,4255,1.4095369577407837
266,4257,4.947439193725586
266,4259,17.044654846191406
266,4261,1.180933952331543
266,4263,4.9878692626953125
266,4265,10.082959175109863
266,4267,25.718433380126953
266,4269,1.1398707628250122
266,4271,1.4095300436019897
267,4273,4.947447776794434
267,4275,17.044647216796875
267,4277,1.1809351444244385
267,4279,4.98789119720459
267,4281,10.082907676696777
267,4283,25.718421936035156
267,4285,1.1398512125015259
267,4287,1.4095206260681152
268,4289,4.947455883026123
268,4291,17.044635772705078
268,4293,1.1809340715408325
268,4295,4.987931251525879
268,4297,10.082846641540527
268,4299,25.718395233154297
268,4301,1.139838695526123
268,4303,1.4095169305801392
269,4305,4.947458744049072
269,4307,17.04463005065918
269,4309,1.180935263633728
269,4311,4.9879631996154785
269,4313,10.08281135559082
269,4315,25.7183837890625
269,4317,1.1398227214813232
269,4319,1.409513235092163
270,4321,4.947466850280762
270,4323,17.04462432861328
270,4325,1.1809358596801758
270,4327,4.987997531890869
270,4329,10.082758903503418
270,4331,25.718393325805664
270,4333,1.1398088932037354
270,4335,1.4095101356506348
271,4337,4.947474002838135
271,4339,17.044628143310547
271,4341,1.180934190750122
271,4343,4.988020896911621
271,4345,10.082724571228027
271,4347,25.718402862548828
271,4349,1.1397963762283325
271,4351,1.4095032215118408
272,4353,4.9474778175354
272,4355,17.044618606567383
272,4357,1.1809355020523071
272,4359,4.988054275512695
272,4361,10.082681655883789
272,4363,25.718374252319336
272,4365,1.1397802829742432
272,4367,1.409494400024414
273,4369,4.947483539581299
273,4371,17.04461669921875
273,4373,1.1809360980987549
273,4375,4.988081932067871
273,4377,10.082646369934082
273,4379,25.7183837890625
273,4381,1.1397700309753418
273,4383,1.4094938039779663
274,4385,4.94748592376709
274,4387,17.04461097717285
274,4389,1.1809372901916504
274,4391,4.988099575042725
274,4393,10.082612037658691
274,4395,25.718374252319336
274,4397,1.139757513999939
274,4399,1.4094874858856201
275,4401,4.947492599487305
275,4403,17.04461097717285
275,4405,1.1809356212615967
275,4407,4.9881272315979
275,4409,10.082585334777832
275,4411,25.718374252319336
275,4413,1.1397477388381958
275,4415,1.409483790397644
276,4417,4.947494029998779
276,4419,17.044605255126953
276,4421,1.1809362173080444
276,4423,4.9881439208984375
276,4425,10.082551002502441
276,4427,25.718345642089844
276,4429,1.1397408246994019
276,4431,1.4094805717468262
277,4433,4.947501182556152
277,4435,17.04460906982422
277,4437,1.180933952331543
277,4439,4.988154888153076
277,4441,10.082524299621582
277,4443,25.718345642089844
277,4445,1.1397316455841064
277,4447,1.4094799757003784
278,4449,4.947502613067627
278,4451,17.044599533081055
278,4453,1.1809345483779907
278,4455,4.988178730010986
278,4457,10.082507133483887
278,4459,25.718355178833008
278,4461,1.1397247314453125
278,4463,1.40947687625885
279,4465,4.947509765625
279,4467,17.04460334777832
279,4469,1.1809351444244385
279,4471,4.988189697265625
279,4473,10.082489967346191
279,4475,25.718345642089844
279,4477,1.1397185325622559
279,4479,1.40947687625885
280,4481,4.947510719299316
280,4483,17.044597625732422
280,4485,1.1809357404708862
280,4487,4.988211631774902
280,4489,10.082463264465332
280,4491,25.718355178833008
280,4493,1.1397114992141724
280,4495,1.4094730615615845
281,4497,4.947506427764893
281,4499,17.044593811035156
281,4501,1.1809357404708862
281,4503,4.988224029541016
281,4505,10.082446098327637
281,4507,25.718326568603516
281,4509,1.1397053003311157
281,4511,1.4094730615615845
282,4513,4.947513103485107
282,4515,17.044586181640625
282,4517,1.180936336517334
282,4519,4.988234996795654
282,4521,10.082420349121094
282,4523,25.718345642089844
282,4525,1.139702558517456
282,4527,1.4094668626785278
283,4529,4.947513103485107
283,4531,17.04458236694336
283,4533,1.1809340715408325
283,4535,4.988251686096191
283,4537,10.08241081237793
283,4539,25.71833610534668
283,4541,1.1396996974945068
283,4543,1.4094668626785278
284,4545,4.947518825531006
284,4547,17.04458999633789
284,4549,1.1809369325637817
284,4551,4.988256931304932
284,4553,10.082402229309082
284,4555,25.71833610534668
284,4557,1.1396962404251099
284,4559,1.4094668626785278
285,4561,4.9475202560424805
285,4563,17.044574737548828
285,4565,1.180935263633728
285,4567,4.9882683753967285
285,4569,10.082376480102539
285,4571,25.718345642089844
285,4573,1.139689326286316
285,4575,1.4094605445861816
286,4577,4.947521209716797
286,4579,17.044567108154297
286,4581,1.1809381246566772
286,4583,4.988278865814209
286,4585,10.082359313964844
286,4587,25.71835708618164
286,4589,1.1396795511245728
286,4591,1.4094605445861816
287,4593,4.9475226402282715
287,4595,17.044567108154297
287,4597,1.1809358596801758
287,4599,4.9883012771606445
287,4601,10.082324028015137
287,4603,25.718364715576172
287,4605,1.1396698951721191
287,4607,1.409456729888916
288,4609,4.9475297927856445
288,4611,17.044567108154297
288,4613,1.1809364557266235
288,4615,4.988318920135498
288,4617,10.082306861877441
288,4619,25.71831703186035
288,4621,1.1396636962890625
288,4623,1.4094536304473877
289,4625,4.947531223297119
289,4627,17.044567108154297
289,4629,1.1809370517730713
289,4631,4.988341331481934
289,4633,10.08228874206543
289,4635,25.718326568603516
289,4637,1.1396567821502686
289,4639,1.4094505310058594
290,4641,4.9475321769714355
290,4643,17.044567108154297
290,4645,1.1809377670288086
290,4647,4.988353729248047
290,4649,10.082263946533203
290,4651,25.718326568603516
290,4653,1.1396476030349731
290,4655,1.4094499349594116
291,4657,4.94753360748291
291,4659,17.044559478759766
291,4661,1.1809383630752563
291,4663,4.988375663757324
291,4665,10.082246780395508
291,4667,25.718326568603516
291,4669,1.1396406888961792
291,4671,1.4094467163085938
292,4673,4.947539329528809
292,4675,17.044559478759766
292,4677,1.1809360980987549
292,4679,4.988385200500488
292,4681,10.082220077514648
292,4683,25.718318939208984
292,4685,1.1396344900131226
292,4687,1.4094430208206177
293,4689,4.947540283203125
293,4691,17.044559478759766
293,4693,1.1809366941452026
293,4695,4.988397598266602
293,4697,10.082202911376953
293,4699,25.718338012695312
293,4701,1.139627456665039
293,4703,1.4094430208206177
294,4705,4.947543144226074
294,4707,17.044553756713867
294,4709,1.1809372901916504
294,4711,4.988420009613037
294,4713,10.08217716217041
294,4715,25.718326568603516
294,4717,1.1396183967590332
294,4719,1.40944242477417
295,4721,4.947548866271973
295,4723,17.044553756713867
295,4725,1.180935025215149
295,4727,4.988430976867676
295,4729,10.082159042358398
295,4731,25.71828842163086
295,4733,1.139617681503296
295,4735,1.409439206123352
296,4737,4.947549819946289
296,4739,17.044544219970703
296,4741,1.1809378862380981
296,4743,4.988437652587891
296,4745,10.08215045928955
296,4747,25.718297958374023
296,4749,1.1396114826202393
296,4751,1.4094361066818237
297,4753,4.947549819946289
297,4755,17.044538497924805
297,4757,1.1809356212615967
297,4759,4.988443374633789
297,4761,10.082133293151855
297,4763,25.718297958374023
297,4765,1.1396087408065796
297,4767,1.4094361066818237
298,4769,4.947551250457764
298,4771,17.044538497924805
298,4773,1.1809362173080444
298,4775,4.988447666168213
298,4777,10.082124710083008
298,4779,25.718307495117188
298,4781,1.139605164527893
298,4783,1.4094361066818237
299,4785,4.947551250457764
299,4787,17.044538497924805
299,4789,1.1809368133544922
299,4791,4.988465309143066
299,4793,10.082115173339844
299,4795,25.718297958374023
299,4797,1.1396018266677856
299,4799,1.4094330072402954
300,4801,4.947558403015137
300,4803,17.04454231262207
300,4805,1.1809368133544922
300,4807,4.988471031188965
300,4809,10.082106590270996
300,4811,25.718297958374023
300,4813,1.1395982503890991
300,4815,1.4094297885894775
301,4817,4.947558403015137
301,4819,17.044532775878906
301,4821,1.1809368133544922
301,4823,4.988476753234863
301,4825,10.0820894241333
301,4827,25.718297958374023
301,4829,1.1395949125289917
301,4831,1.4094324111938477
302,4833,4.947558403015137
302,4835,17.04454231262207
302,4837,1.18093740940094
302,4839,4.9884819984436035
302,4841,10.082080841064453
302,4843,25.718297958374023
302,4845,1.1395920515060425
302,4847,1.409427285194397
303,4849,4.947558403015137
303,4851,17.04454231262207
303,4853,1.18093740940094
303,4855,4.9884819984436035
303,4857,10.082080841064453
303,4859,25.718297958374023
303,4861,1.1395920515060425
303,4863,1.409427285194397
304,4865,4.947558403015137
304,4867,17.04454231262207
304,4869,1.18093740940094
304,4871,4.9884819984436035
304,4873,10.082080841064453
304,4875,25.718297958374023
304,4877,1.1395920515060425
304,4879,1.409427285194397
305,4881,4.947558403015137
305,4883,17.04454231262207
305,4885,1.18093740940094
305,4887,4.9884819984436035
305,4889,10.082080841064453
305,4891,25.718297958374023
305,4893,1.1395920515060425
305,4895,1.409427285194397
306,4897,4.947558403015137
306,4899,17.04454231262207
306,4901,1.18093740940094
306,4903,4.9884819984436035
306,4905,10.082080841064453
306,4907,25.718297958374023
306,4909,1.1395920515060425
306,4911,1.409427285194397
307,4913,4.947558403015137
307,4915,17.04454231262207
307,4917,1.18093740940094
307,4919,4.9884819984436035
307,4921,10.082080841064453
307,4923,25.718297958374023
307,4925,1.1395920515060425
307,4927,1.409427285194397
308,4929,4.947558403015137
308,4931,17.04454231262207
308,4933,1.18093740940094
308,4935,4.9884819984436035
308,4937,10.082080841064453
308,4939,25.718297958374023
308,4941,1.1395920515060425
308,4943,1.409427285194397
309,4945,4.947558403015137
309,4947,17.04454231262207
309,4949,1.18093740940094
309,4951,4.9884819984436035
309,4953,10.082080841064453
309,4955,25.718297958374023
309,4957,1.1395920515060425
309,4959,1.409427285194397
310,4961,4.947558403015137
310,4963,17.04454231262207
310,4965,1.18093740940094
310,4967,4.9884819984436035
310,4969,10.082080841064453
310,4971,25.718297958374023
310,4973,1.1395920515060425
310,4975,1.409427285194397
311,4977,4.947558403015137
311,4979,17.04454231262207
311,4981,1.18093740940094
311,4983,4.9884819984436035
311,4985,10.082080841064453
311,4987,25.718297958374023
311,4989,1.1395920515060425
311,4991,1.409427285194397
312,4993,4.947558403015137
312,4995,17.04454231262207
312,4997,1.18093740940094
312,4999,4.9884819984436035
312,5001,10.082080841064453
312,5003,25.718297958374023
312,5005,1.1395920515060425
312,5007,1.409427285194397
